{
 "Resources": {
  "testuserpoolA0AB675A": {
   "Type": "AWS::Cognito::UserPool",
   "Properties": {
    "AccountRecoverySetting": {
     "RecoveryMechanisms": [
      {
       "Name": "verified_phone_number",
       "Priority": 1
      },
      {
       "Name": "verified_email",
       "Priority": 2
      }
     ]
    },
    "AdminCreateUserConfig": {
     "AllowAdminCreateUserOnly": false
    },
    "AliasAttributes": [
     "email"
    ],
    "AutoVerifiedAttributes": [
     "email"
    ],
    "EmailVerificationMessage": "Hello {username}, Thanks for signing up to our awesome app! Your verification code is {####}",
    "EmailVerificationSubject": "Verify your email for our awesome app!",
    "Policies": {
     "PasswordPolicy": {
      "MinimumLength": 8,
      "RequireLowercase": false,
      "RequireNumbers": false,
      "RequireSymbols": false,
      "RequireUppercase": false
     }
    },
    "SmsVerificationMessage": "Hello {username}, Thanks for signing up to our awesome app! Your verification code is {####}",
    "VerificationMessageTemplate": {
     "DefaultEmailOption": "CONFIRM_WITH_CODE",
     "EmailMessage": "Hello {username}, Thanks for signing up to our awesome app! Your verification code is {####}",
     "EmailSubject": "Verify your email for our awesome app!",
     "SmsMessage": "Hello {username}, Thanks for signing up to our awesome app! Your verification code is {####}"
    }
   },
   "UpdateReplacePolicy": "Retain",
   "DeletionPolicy": "Retain",
   "Metadata": {
    "aws:cdk:path": "CognitoStack/test-user-pool/Resource"
   }
  },
  "testuserpoolappclient4CF78B04": {
   "Type": "AWS::Cognito::UserPoolClient",
   "Properties": {
    "UserPoolId": {
     "Ref": "testuserpoolA0AB675A"
    },
    "AllowedOAuthFlows": [
     "implicit",
     "code"
    ],
    "AllowedOAuthFlowsUserPoolClient": true,
    "AllowedOAuthScopes": [
     "profile",
     "phone",
     "email",
     "openid",
     "aws.cognito.signin.user.admin"
    ],
    "CallbackURLs": [
     "https://example.com"
    ],
    "SupportedIdentityProviders": [
     "COGNITO"
    ]
   },
   "Metadata": {
    "aws:cdk:path": "CognitoStack/test-user-pool/app-client/Resource"
   }
  },
  "CDKMetadata": {
   "Type": "AWS::CDK::Metadata",
   "Properties": {
    "Analytics": "v2:deflate64:H4sIAAAAAAAA/zPSMzbQM1BMLC/WTU7J1s3JTNKrDi5JTM7WAQrFJ+en52WW5OtVhxanFgXk5+foOKflwdkwhnNOZmpeCbIURKQWJORfWlJQCpYMSi3OLy1KTq3VyctPSdXLKtYvMzLQswTanlWcmalbVJpXkpmbqhcEoQHrgDYymQAAAA=="
   },
   "Metadata": {
    "aws:cdk:path": "CognitoStack/CDKMetadata/Default"
   }
  }
 },
 "Outputs": {
  "userPoolId": {
   "Value": {
    "Ref": "testuserpoolA0AB675A"
   }
  },
  "userPoolClientId": {
   "Value": {
    "Ref": "testuserpoolappclient4CF78B04"
   }
  }
 },
 "Parameters": {
  "BootstrapVersion": {
   "Type": "AWS::SSM::Parameter::Value<String>",
   "Default": "/cdk-bootstrap/hnb659fds/version",
   "Description": "Version of the CDK Bootstrap resources in this environment, automatically retrieved from SSM Parameter Store. [cdk:skip]"
  }
 },
 "Rules": {
  "CheckBootstrapVersion": {
   "Assertions": [
    {
     "Assert": {
      "Fn::Not": [
       {
        "Fn::Contains": [
         [
          "1",
          "2",
          "3",
          "4",
          "5"
         ],
         {
          "Ref": "BootstrapVersion"
         }
        ]
       }
      ]
     },
     "AssertDescription": "CDK bootstrap stack version 6 required. Please run 'cdk bootstrap' with a recent version of the CDK CLI."
    }
   ]
  }
 }
}