{
  "version": "20.0.0",
  "files": {
    "d13753b9e977dddc8c036f8aad7526b5d7416ab88a535e40beda25323e44a9a4": {
      "source": {
        "path": "CognitoStack.template.json",
        "packaging": "file"
      },
      "destinations": {
        "803282570448-us-east-1": {
          "bucketName": "cdk-hnb659fds-assets-803282570448-us-east-1",
          "objectKey": "d13753b9e977dddc8c036f8aad7526b5d7416ab88a535e40beda25323e44a9a4.json",
          "region": "us-east-1",
          "assumeRoleArn": "arn:${AWS::Partition}:iam::803282570448:role/cdk-hnb659fds-file-publishing-role-803282570448-us-east-1"
        }
      }
    }
  },
  "dockerImages": {}
}