{
  "version": "tree-0.1",
  "tree": {
    "id": "App",
    "path": "",
    "children": {
      "Tree": {
        "id": "Tree",
        "path": "Tree",
        "constructInfo": {
          "fqn": "constructs.Construct",
          "version": "10.0.9"
        }
      },
      "CognitoStack": {
        "id": "CognitoStack",
        "path": "CognitoStack",
        "children": {
          "test-user-pool": {
            "id": "test-user-pool",
            "path": "CognitoStack/test-user-pool",
            "children": {
              "Resource": {
                "id": "Resource",
                "path": "CognitoStack/test-user-pool/Resource",
                "attributes": {
                  "aws:cdk:cloudformation:type": "AWS::Cognito::UserPool",
                  "aws:cdk:cloudformation:props": {
                    "accountRecoverySetting": {
                      "recoveryMechanisms": [
                        {
                          "name": "verified_phone_number",
                          "priority": 1
                        },
                        {
                          "name": "verified_email",
                          "priority": 2
                        }
                      ]
                    },
                    "adminCreateUserConfig": {
                      "allowAdminCreateUserOnly": false
                    },
                    "aliasAttributes": [
                      "email"
                    ],
                    "autoVerifiedAttributes": [
                      "email"
                    ],
                    "emailVerificationMessage": "Hello {username}, Thanks for signing up to our awesome app! Your verification code is {####}",
                    "emailVerificationSubject": "Verify your email for our awesome app!",
                    "policies": {
                      "passwordPolicy": {
                        "minimumLength": 8,
                        "requireLowercase": false,
                        "requireUppercase": false,
                        "requireNumbers": false,
                        "requireSymbols": false
                      }
                    },
                    "smsVerificationMessage": "Hello {username}, Thanks for signing up to our awesome app! Your verification code is {####}",
                    "verificationMessageTemplate": {
                      "defaultEmailOption": "CONFIRM_WITH_CODE",
                      "emailMessage": "Hello {username}, Thanks for signing up to our awesome app! Your verification code is {####}",
                      "emailSubject": "Verify your email for our awesome app!",
                      "smsMessage": "Hello {username}, Thanks for signing up to our awesome app! Your verification code is {####}"
                    }
                  }
                },
                "constructInfo": {
                  "fqn": "aws-cdk-lib.aws_cognito.CfnUserPool",
                  "version": "2.30.0"
                }
              },
              "app-client": {
                "id": "app-client",
                "path": "CognitoStack/test-user-pool/app-client",
                "children": {
                  "Resource": {
                    "id": "Resource",
                    "path": "CognitoStack/test-user-pool/app-client/Resource",
                    "attributes": {
                      "aws:cdk:cloudformation:type": "AWS::Cognito::UserPoolClient",
                      "aws:cdk:cloudformation:props": {
                        "userPoolId": {
                          "Ref": "testuserpoolA0AB675A"
                        },
                        "allowedOAuthFlows": [
                          "implicit",
                          "code"
                        ],
                        "allowedOAuthFlowsUserPoolClient": true,
                        "allowedOAuthScopes": [
                          "profile",
                          "phone",
                          "email",
                          "openid",
                          "aws.cognito.signin.user.admin"
                        ],
                        "callbackUrLs": [
                          "https://example.com"
                        ],
                        "supportedIdentityProviders": [
                          "COGNITO"
                        ]
                      }
                    },
                    "constructInfo": {
                      "fqn": "aws-cdk-lib.aws_cognito.CfnUserPoolClient",
                      "version": "2.30.0"
                    }
                  }
                },
                "constructInfo": {
                  "fqn": "aws-cdk-lib.aws_cognito.UserPoolClient",
                  "version": "2.30.0"
                }
              }
            },
            "constructInfo": {
              "fqn": "aws-cdk-lib.aws_cognito.UserPool",
              "version": "2.30.0"
            }
          },
          "userPoolId": {
            "id": "userPoolId",
            "path": "CognitoStack/userPoolId",
            "constructInfo": {
              "fqn": "aws-cdk-lib.CfnOutput",
              "version": "2.30.0"
            }
          },
          "userPoolClientId": {
            "id": "userPoolClientId",
            "path": "CognitoStack/userPoolClientId",
            "constructInfo": {
              "fqn": "aws-cdk-lib.CfnOutput",
              "version": "2.30.0"
            }
          },
          "CDKMetadata": {
            "id": "CDKMetadata",
            "path": "CognitoStack/CDKMetadata",
            "children": {
              "Default": {
                "id": "Default",
                "path": "CognitoStack/CDKMetadata/Default",
                "constructInfo": {
                  "fqn": "aws-cdk-lib.CfnResource",
                  "version": "2.30.0"
                }
              }
            },
            "constructInfo": {
              "fqn": "constructs.Construct",
              "version": "10.0.9"
            }
          }
        },
        "constructInfo": {
          "fqn": "aws-cdk-lib.Stack",
          "version": "2.30.0"
        }
      }
    },
    "constructInfo": {
      "fqn": "aws-cdk-lib.App",
      "version": "2.30.0"
    }
  }
}